threshold,micro_precision,micro_recall,micro_f1,macro_precision,macro_recall,macro_f1,exact_match,predicted_labels_per_sample,true_labels_per_sample
0.05,0.08300132802124834,1.0,0.15328019619865113,0.08090501083953859,0.9473684210526315,0.1385650488688428,0.0,37.032786885245905,3.0737704918032787
0.060000000000000005,0.08503401360544217,1.0,0.15673981191222572,0.08139963533510867,0.9473684210526315,0.13950046967039872,0.0,36.14754098360656,3.0737704918032787
0.07,0.08779342723004695,0.9973333333333333,0.16138079827400215,0.08228269326747735,0.9385964912280701,0.1411139469724183,0.0,34.91803278688525,3.0737704918032787
0.08000000000000002,0.09182420820034373,0.9973333333333333,0.1681654676258993,0.08422588728259837,0.9385964912280701,0.14462138495994933,0.0,33.385245901639344,3.0737704918032787
0.09000000000000001,0.09596482152095188,0.9893333333333333,0.1749587361471351,0.08535004546084973,0.9122807017543859,0.14651917263751002,0.0,31.688524590163933,3.0737704918032787
0.1,0.10210293303818484,0.984,0.18500877412885436,0.08818329729657778,0.9004385964912281,0.15146651665173827,0.0,29.62295081967213,3.0737704918032787
0.11000000000000001,0.10841232227488151,0.976,0.19514796054385497,0.09149451916104658,0.8880325814536341,0.15711514027520188,0.0,27.672131147540984,3.0737704918032787
0.12000000000000002,0.11642078255291853,0.968,0.20784425994846836,0.09578110742775134,0.8675647451963243,0.16406671159216324,0.0,25.557377049180328,3.0737704918032787
0.13,0.12548060118839566,0.9573333333333334,0.2218788627935723,0.10119027567269727,0.8509180147338044,0.1727002007385284,0.0,23.450819672131146,3.0737704918032787
0.14,0.13338385752178855,0.9386666666666666,0.23357664233576642,0.10471783236869422,0.8116835649730387,0.1779266794259275,0.0,21.631147540983605,3.0737704918032787
0.15000000000000002,0.14221311475409837,0.9253333333333333,0.24653641207815274,0.1099239811419516,0.7884578871420977,0.18587476049868626,0.0,20.0,3.0737704918032787
0.16000000000000003,0.15055679287305124,0.9013333333333333,0.2580152671755725,0.11291310484470529,0.7382824485456065,0.1894529566167268,0.0,18.401639344262296,3.0737704918032787
0.17000000000000004,0.15741626794258373,0.8773333333333333,0.2669371196754564,0.11456801613014675,0.6958155356493306,0.1908860632163307,0.0,17.131147540983605,3.0737704918032787
0.18000000000000002,0.16632231404958678,0.8586666666666667,0.27866724361748163,0.11737093149097833,0.6574582788710213,0.19376502713026134,0.0,15.868852459016393,3.0737704918032787
0.19000000000000003,0.17516629711751663,0.8426666666666667,0.29004130335016065,0.12072862468447342,0.628437811034764,0.1976245465048266,0.0,14.78688524590164,3.0737704918032787
0.20000000000000004,0.1854265402843602,0.8346666666666667,0.30344158991759573,0.12622933861708419,0.6158884951613484,0.20490364326984625,0.0,13.836065573770492,3.0737704918032787
0.21000000000000002,0.19616613418530351,0.8186666666666667,0.31649484536082473,0.13137662897123575,0.5976910128191292,0.21129203958344872,0.0,12.827868852459016,3.0737704918032787
0.22000000000000003,0.20369104579630895,0.7946666666666666,0.32426550598476606,0.13377393686517997,0.5623683311148685,0.21235622966911186,0.00819672131147541,11.991803278688524,3.0737704918032787
0.23000000000000004,0.2139194139194139,0.7786666666666666,0.335632183908046,0.13844015321948736,0.5452137520835583,0.21749950153922826,0.02459016393442623,11.188524590163935,3.0737704918032787
0.24000000000000005,0.2234375,0.7626666666666667,0.345619335347432,0.14640494223672104,0.5310032257677687,0.2262728998805534,0.02459016393442623,10.491803278688524,3.0737704918032787
0.25000000000000006,0.23416666666666666,0.7493333333333333,0.3568253968253968,0.15468491615121158,0.515692745620031,0.23487839453330894,0.03278688524590164,9.836065573770492,3.0737704918032787
0.26000000000000006,0.2424511545293073,0.728,0.3637574950033311,0.15825545540757446,0.4895670146258789,0.23657613063182406,0.040983606557377046,9.229508196721312,3.0737704918032787
0.27,0.258252427184466,0.7093333333333334,0.3786476868327402,0.16661449825503674,0.4674022276584603,0.2432121236905532,0.040983606557377046,8.442622950819672,3.0737704918032787
0.28,0.26570545829042225,0.688,0.3833580980683507,0.1683102069541944,0.440286191955167,0.24066893497786826,0.04918032786885246,7.959016393442623,3.0737704918032787
0.29000000000000004,0.2804878048780488,0.6746666666666666,0.3962411902897416,0.17245241145230608,0.41771935820412276,0.2414127893009562,0.04918032786885246,7.39344262295082,3.0737704918032787
0.30000000000000004,0.29411764705882354,0.6666666666666666,0.40816326530612246,0.18167863982812343,0.41178003071874264,0.24956570191010508,0.04918032786885246,6.967213114754099,3.0737704918032787
0.31000000000000005,0.3097686375321337,0.6426666666666667,0.41803989592367735,0.18432115364656398,0.38262233534394197,0.24617392834012883,0.04918032786885246,6.377049180327869,3.0737704918032787
0.32000000000000006,0.3224431818181818,0.6053333333333333,0.42075996292863765,0.17521149167142652,0.3347756352603998,0.22707432595896862,0.05737704918032787,5.770491803278689,3.0737704918032787
0.33000000000000007,0.3401574803149606,0.576,0.4277227722772277,0.18563410772958555,0.30820660852689935,0.22577098966725603,0.05737704918032787,5.204918032786885,3.0737704918032787
0.3400000000000001,0.34557595993322204,0.552,0.42505133470225875,0.1841390651850505,0.2925320053522962,0.22037735659729682,0.04918032786885246,4.909836065573771,3.0737704918032787
0.3500000000000001,0.3594306049822064,0.5386666666666666,0.4311632870864461,0.1867031858599609,0.28293770710668215,0.21973781785772228,0.05737704918032787,4.60655737704918,3.0737704918032787
0.36000000000000004,0.37884615384615383,0.5253333333333333,0.4402234636871508,0.19110600875966952,0.27210332949598875,0.21956874090453912,0.06557377049180328,4.262295081967213,3.0737704918032787
0.37000000000000005,0.3884297520661157,0.5013333333333333,0.43771827706635624,0.18701781149531593,0.25001548928141726,0.20838656686351495,0.05737704918032787,3.9672131147540983,3.0737704918032787
0.38000000000000006,0.3982102908277405,0.4746666666666667,0.43309002433090027,0.1880532155019521,0.2343017257058116,0.20236437705983154,0.05737704918032787,3.6639344262295084,3.0737704918032787
0.39000000000000007,0.4009433962264151,0.4533333333333333,0.425531914893617,0.18961270855096024,0.22384784978794672,0.19931864397224253,0.05737704918032787,3.4754098360655736,3.0737704918032787
0.4000000000000001,0.4140625,0.424,0.4189723320158103,0.19855840441726513,0.21029958768532175,0.19717980621346573,0.05737704918032787,3.1475409836065573,3.0737704918032787
0.4100000000000001,0.43023255813953487,0.39466666666666667,0.41168289290681503,0.20983335454942104,0.19406606128559037,0.18899822061330526,0.04918032786885246,2.819672131147541,3.0737704918032787
0.4200000000000001,0.4440789473684211,0.36,0.39764359351988215,0.2077872700069185,0.17215176347967207,0.17680783253089266,0.04918032786885246,2.4918032786885247,3.0737704918032787
0.43000000000000005,0.4607142857142857,0.344,0.3938931297709924,0.21137671808228517,0.16459243203703036,0.17399922292686643,0.040983606557377046,2.2950819672131146,3.0737704918032787
0.44000000000000006,0.47619047619047616,0.32,0.3827751196172249,0.16414174763060652,0.13977779126844223,0.1480030751239411,0.040983606557377046,2.0655737704918034,3.0737704918032787
0.45000000000000007,0.49107142857142855,0.29333333333333333,0.3672787979966611,0.16098447476156452,0.12395342922697494,0.13670012241078908,0.040983606557377046,1.8360655737704918,3.0737704918032787
0.4600000000000001,0.5148514851485149,0.2773333333333333,0.36048526863084923,0.16697351085222936,0.11080104317812074,0.12729571958038005,0.040983606557377046,1.6557377049180328,3.0737704918032787
0.4700000000000001,0.5439560439560439,0.264,0.35547576301615796,0.18371520120746127,0.10285148177461197,0.1213854465809718,0.040983606557377046,1.4918032786885247,3.0737704918032787
0.4800000000000001,0.5542168674698795,0.24533333333333332,0.34011090573012936,0.16058231750451427,0.09118030822670713,0.10605660159359259,0.040983606557377046,1.360655737704918,3.0737704918032787
0.4900000000000001,0.5714285714285714,0.23466666666666666,0.332703213610586,0.15604592775645407,0.0839389592402058,0.0995886334803829,0.040983606557377046,1.2622950819672132,3.0737704918032787
0.5000000000000001,0.5785714285714286,0.216,0.3145631067961165,0.16169590643274853,0.07695867959372116,0.09437849451814992,0.040983606557377046,1.1475409836065573,3.0737704918032787
